DATE,Black Unemployment,UNRATE,Time
1972-01-31,2.4159137783010487,0.5640959754919254,0.0
1972-02-29,2.4159137783010487,0.5541529939182037,0.6931471805599453
1972-03-31,2.3702437414678603,0.5640959754919254,1.0986122886681098
1972-04-30,2.2823823856765264,0.5541529939182037,1.3862943611198906
1972-05-31,2.322387720290225,0.5541529939182037,1.6094379124341003
1972-06-30,2.322387720290225,0.5541529939182037,1.791759469228055
1972-07-31,2.3513752571634776,0.543931485654338,1.9459101490553132
1972-08-31,2.3608540011180215,0.543931485654338,2.0794415416798357
1972-09-30,2.341805806147327,0.5334173533321656,2.1972245773362196
1972-10-31,2.3608540011180215,0.543931485654338,2.302585092994046
1972-11-30,2.302585092994046,0.5114495214362034,2.3978952727983707
1972-12-31,2.2407096892759584,0.4999620030965649,2.4849066497880004
1973-01-31,2.2082744135228043,0.46325289744172116,2.5649493574615367
1973-02-28,2.2512917986064953,0.47588499532711054,2.6390573296152584
1973-03-31,2.2407096892759584,0.46325289744172116,2.70805020110221
1973-04-30,2.2925347571405443,0.47588499532711054,2.772588722239781
1973-05-31,2.2617630984737906,0.46325289744172116,2.833213344056216
1973-06-30,2.2823823856765264,0.46325289744172116,2.8903717578961645
1973-07-31,2.2823823856765264,0.45019364959260366,2.9444389791664403
1973-08-31,2.2192034840549946,0.45019364959260366,2.995732273553991
1973-09-30,2.272125885509337,0.45019364959260366,3.044522437723423
1973-10-31,2.174751721484161,0.4226868283120583,3.091042453358316
1973-11-30,2.2300144001592104,0.45019364959260366,3.1354942159291497
1973-12-31,2.1972245773362196,0.46325289744172116,3.1780538303479458
1974-01-31,2.2512917986064953,0.48811397969533005,3.2188758248682006
1974-02-28,2.2823823856765264,0.4999620030965649,3.258096538021482
1974-03-31,2.2823823856765264,0.48811397969533005,3.295836866004329
1974-04-30,2.2512917986064953,0.48811397969533005,3.332204510175204
1974-05-31,2.272125885509337,0.48811397969533005,3.367295829986474
1974-06-30,2.312535423847214,0.5225954588537013,3.4011973816621555
1974-07-31,2.341805806147327,0.5334173533321656,3.4339872044851463
1974-08-31,2.2925347571405443,0.5334173533321656,3.4657359027997265
1974-09-30,2.379546134130174,0.5737735780102541,3.4965075614664802
1974-10-31,2.4423470353692043,0.5831980807826592,3.5263605246161616
1974-11-30,2.517696472610991,0.6350251756323279,3.5553480614894135
1974-12-31,2.5726122302071057,0.6801029867859266,3.58351893845611
1975-01-31,2.6461747973841225,0.7380555640141299,3.6109179126442243
1975-02-28,2.667228206581955,0.7380555640141299,3.6375861597263857
1975-03-31,2.714694743820879,0.7662871358498089,3.6635616461296463
1975-04-30,2.72785282839839,0.7769145069831563,3.6888794541139363
1975-05-31,2.714694743820879,0.7871950081766445,3.713572066704308
1975-06-30,2.70805020110221,0.7769145069831563,3.7376696182833684
1975-07-31,2.6461747973841225,0.7662871358498089,3.7612001156935624
1975-08-31,2.7212954278522306,0.7552914498795933,3.784189633918261
1975-09-30,2.7343675094195836,0.7552914498795933,3.8066624897703196
1975-10-31,2.7013612129514133,0.7552914498795933,3.828641396489095
1975-11-30,2.681021528714291,0.7496482603933199,3.8501476017100584
1975-12-31,2.6741486494265287,0.7439040543780528,3.871201010907891
1976-01-31,2.6602595372658615,0.7260318824977268,3.8918202981106265
1976-02-29,2.667228206581955,0.7135478294269664,3.912023005428146
1976-03-31,2.6026896854443837,0.7071231832999884,3.9318256327243257
1976-04-30,2.624668592163159,0.7135478294269664,3.9512437185814275
1976-05-31,2.580216829592325,0.6938869069999295,3.970291913552122
1976-06-30,2.6602595372658615,0.7071231832999884,3.9889840465642745
1976-07-31,2.631888840136646,0.7198493500500933,4.007333185232471
1976-08-31,2.6602595372658615,0.7198493500500933,4.02535169073515
1976-09-30,2.617395832834079,0.7071231832999884,4.04305126783455
1976-10-31,2.631888840136646,0.7135478294269664,4.060443010546419
1976-11-30,2.6390573296152584,0.7198493500500933,4.07753744390572
1976-12-31,2.6461747973841225,0.7198493500500933,4.0943445622221
1977-01-31,2.624668592163159,0.7005710654772761,4.110873864173311
1977-02-28,2.653241964607215,0.7071231832999884,4.127134385045092
1977-03-31,2.631888840136646,0.6938869069999295,4.143134726391533
1977-04-30,2.5494451709255714,0.6801029867859266,4.1588830833596715
1977-05-31,2.6026896854443837,0.6657298105782764,4.174387269895637
1977-06-30,2.631888840136646,0.6801029867859266,4.189654742026425
1977-07-31,2.631888840136646,0.6583079885420274,4.204692619390966
1977-08-31,2.714694743820879,0.6657298105782764,4.219507705176107
1977-09-30,2.6741486494265287,0.6507210940165463,4.23410650459726
1977-10-31,2.6741486494265287,0.6507210940165463,4.248495242049359
1977-11-30,2.6878474937846906,0.6507210940165463,4.2626798770413155
1977-12-31,2.6100697927420065,0.618584176630303,4.276666119016055
1978-01-31,2.631888840136646,0.618584176630303,4.290459441148391
1978-02-28,2.5726122302071057,0.610064240817791,4.30406509320417
1978-03-31,2.5726122302071057,0.610064240817791,4.31748811353631
1978-04-30,2.5572273113676265,0.5923809677889341,4.330733340286331
1978-05-31,2.5649493574615367,0.5831980807826592,4.343805421853684
1978-06-30,2.5494451709255714,0.5737735780102541,4.356708826689592
1978-07-31,2.5649493574615367,0.6013329932743064,4.3694478524670215
1978-08-31,2.509599262378372,0.5737735780102541,4.382026634673881
1978-09-30,2.4765384001174837,0.5831980807826592,4.394449154672439
1978-10-31,2.468099531471619,0.5640959754919254,4.406719247264253
1978-11-30,2.5416019934645457,0.5737735780102541,4.418840607796598
1978-12-31,2.517696472610991,0.5831980807826592,4.430816798843313
1979-01-31,2.517696472610991,0.5737735780102541,4.442651256490317
1979-02-28,2.5726122302071057,0.5737735780102541,4.454347296253507
1979-03-31,2.5257286443082556,0.5640959754919254,4.465908118654584
1979-04-30,2.5572273113676265,0.5640959754919254,4.477336814478207
1979-05-31,2.517696472610991,0.543931485654338,4.48863636973214
1979-06-30,2.501435951739211,0.5541529939182037,4.499809670330265
1979-07-31,2.4932054526026954,0.5541529939182037,4.51085950651685
1979-08-31,2.517696472610991,0.5831980807826592,4.5217885770490405
1979-09-30,2.4595888418037104,0.5737735780102541,4.532599493153256
1979-10-31,2.509599262378372,0.5831980807826592,4.543294782270004
1979-11-30,2.4765384001174837,0.5737735780102541,4.553876891600541
1979-12-31,2.501435951739211,0.5831980807826592,4.564348191467836
1980-01-31,2.5649493574615367,0.610064240817791,4.574710978503383
1980-02-29,2.5572273113676265,0.610064240817791,4.584967478670572
1980-03-31,2.5572273113676265,0.610064240817791,4.59511985013459
1980-04-30,2.624668592163159,0.6583079885420274,4.605170185988092
1980-05-31,2.667228206581955,0.7005710654772761,4.61512051684126
1980-06-30,2.681021528714291,0.7071231832999884,4.624972813284271
1980-07-31,2.72785282839839,0.7198493500500933,4.634728988229636
1980-08-31,2.681021528714291,0.7135478294269664,4.6443908991413725
1980-09-30,2.6946271807700692,0.7005710654772761,4.653960350157523
1980-10-31,2.714694743820879,0.7005710654772761,4.663439094112067
1980-11-30,2.714694743820879,0.7005710654772761,4.672828834461906
1980-12-31,2.70805020110221,0.6801029867859266,4.68213122712422
1981-01-31,2.681021528714291,0.7005710654772761,4.6913478822291435
1981-02-28,2.6878474937846906,0.6938869069999295,4.700480365792417
1981-03-31,2.714694743820879,0.6938869069999295,4.709530201312334
1981-04-30,2.6878474937846906,0.6801029867859266,4.718498871295094
1981-05-31,2.6946271807700692,0.7005710654772761,4.727387818712341
1981-06-30,2.7536607123542622,0.7005710654772761,4.736198448394496
1981-07-31,2.70805020110221,0.6801029867859266,4.74493212836325
1981-08-31,2.791165107812717,0.6938869069999295,4.7535901911063645
1981-09-30,2.766319109226186,0.7071231832999884,4.762173934797756
1981-10-31,2.8154087194227095,0.7260318824977268,4.770684624465665
1981-11-30,2.8213788864092133,0.7496482603933199,4.77912349311153
1981-12-31,2.8449093838194073,0.7608367460774452,4.787491742782046
1982-01-31,2.8507065015037334,0.7662871358498089,4.795790545596741
1982-02-28,2.8735646395797834,0.7820968463585131,4.804021044733257
1982-03-31,2.89591193827178,0.7871950081766445,4.812184355372417
1982-04-30,2.9014215940827497,0.8020080429216759,4.820281565605037
1982-05-31,2.917770732084279,0.8067926412579502,4.8283137373023015
1982-06-30,2.917770732084279,0.8161446412073935,4.836281906951478
1982-07-31,2.9338568698359038,0.8252198034305414,4.844187086458591
1982-08-31,2.9391619220655967,0.8252198034305414,4.852030263919617
1982-09-30,2.9806186357439426,0.8383445087075342,4.859812404361672
1982-10-31,3.0007198150650303,0.850922343781761,4.867534450455582
1982-11-30,3.005682604407159,0.8669097695525317,4.875197323201151
1982-12-31,3.039749158970765,0.8669097695525317,4.882801922586371
1983-01-31,3.054001181677967,0.850922343781761,4.890349128221754
1983-02-28,2.990719731730447,0.850922343781761,4.897839799950911
1983-03-31,3.0007198150650303,0.846787971231072,4.90527477843843
1983-04-30,3.0155349008501706,0.8425958462057893,4.912654885736052
1983-05-31,3.0106208860477417,0.8383445087075342,4.919980925828125
1983-06-30,3.0301337002713233,0.8383445087075342,4.927253685157205
1983-07-31,2.9652730660692823,0.8067926412579502,4.9344739331306915
1983-08-31,2.9806186357439426,0.8115041841791963,4.941642422609304
1983-09-30,2.9338568698359038,0.7971483405370907,4.948759890378168
1983-10-31,2.9014215940827497,0.7769145069831563,4.955827057601261
1983-11-30,2.8622008809294686,0.7608367460774452,4.962844630259907
1983-12-31,2.8791984572980396,0.7496482603933199,4.969813299576001
1984-01-31,2.8507065015037334,0.7320993680864453,4.976733742420574
1984-02-29,2.785011242238338,0.7198493500500933,4.983606621708336
1984-03-31,2.8094026953624978,0.7198493500500933,4.990432586778736
1984-04-30,2.803360380906535,0.7135478294269664,4.997212273764115
1984-05-31,2.7536607123542622,0.6938869069999295,5.003946305945459
1984-06-30,2.747270914255491,0.6801029867859266,5.0106352940962555
1984-07-31,2.8154087194227095,0.7005710654772761,5.017279836814924
1984-08-31,2.772588722239781,0.7005710654772761,5.0238805208462765
1984-09-30,2.70805020110221,0.6870659010831026,5.030437921392435
1984-10-31,2.72785282839839,0.6938869069999295,5.0369526024136295
1984-11-30,2.70805020110221,0.6801029867859266,5.043425116919247
1984-12-31,2.7212954278522306,0.6870659010831026,5.049856007249537
1985-01-31,2.7212954278522306,0.6870659010831026,5.056245805348308
1985-02-28,2.760009940032921,0.6801029867859266,5.062595033026967
1985-03-31,2.714694743820879,0.6801029867859266,5.0689042022202315
1985-04-30,2.714694743820879,0.6870659010831026,5.075173815233827
1985-05-31,2.7212954278522306,0.6801029867859266,5.081404364984463
1985-06-30,2.667228206581955,0.6938869069999295,5.087596335232384
1985-07-31,2.7212954278522306,0.6938869069999295,5.093750200806762
1985-08-31,2.6602595372658615,0.6729928312809478,5.099866427824199
1985-09-30,2.7212954278522306,0.6729928312809478,5.10594547390058
1985-10-31,2.70805020110221,0.6729928312809478,5.111987788356544
1985-11-30,2.747270914255491,0.6657298105782764,5.117993812416755
1985-12-31,2.70805020110221,0.6657298105782764,5.123963979403259
1986-01-31,2.6741486494265287,0.6429624958569642,5.1298987149230735
1986-02-28,2.667228206581955,0.6801029867859266,5.135798437050262
1986-03-31,2.681021528714291,0.6801029867859266,5.14166355650266
1986-04-30,2.6946271807700692,0.6729928312809478,5.147494476813453
1986-05-31,2.681021528714291,0.6801029867859266,5.153291594497779
1986-06-30,2.714694743820879,0.6801029867859266,5.159055299214529
1986-07-31,2.667228206581955,0.6657298105782764,5.1647859739235145
1986-08-31,2.6946271807700692,0.6583079885420274,5.170483995038151
1986-09-30,2.7013612129514133,0.6657298105782764,5.176149732573829
1986-10-31,2.681021528714291,0.6657298105782764,5.181783550292085
1986-11-30,2.6602595372658615,0.6583079885420274,5.187385805840755
1986-12-31,2.617395832834079,0.6350251756323279,5.19295685089021
1987-01-31,2.6390573296152584,0.6350251756323279,5.198497031265826
1987-02-28,2.624668592163159,0.6350251756323279,5.204006687076795
1987-03-31,2.624668592163159,0.6350251756323279,5.209486152841421
1987-04-30,2.5572273113676265,0.610064240817791,5.214935757608986
1987-05-31,2.6100697927420065,0.610064240817791,5.220355825078324
1987-06-30,2.5572273113676265,0.6013329932743064,5.225746673713202
1987-07-31,2.5572273113676265,0.5923809677889341,5.231108616854587
1987-08-31,2.533696813957432,0.5831980807826592,5.236441962829949
1987-09-30,2.533696813957432,0.5737735780102541,5.241747015059643
1987-10-31,2.509599262378372,0.5831980807826592,5.247024072160486
1987-11-30,2.4932054526026954,0.5640959754919254,5.25227342804663
1987-12-31,2.4932054526026954,0.5541529939182037,5.2574953720277815
1988-01-31,2.4849066497880004,0.5541529939182037,5.262690188904886
1988-02-29,2.517696472610991,0.5541529939182037,5.267858159063328
1988-03-31,2.5416019934645457,0.5541529939182037,5.272999558563747
1988-04-30,2.501435951739211,0.5225954588537013,5.278114659230517
1988-05-31,2.509599262378372,0.543931485654338,5.2832037287379885
1988-06-30,2.4423470353692043,0.5225954588537013,5.288267030694535
1988-07-31,2.451005098112319,0.5225954588537013,5.293304824724492
1988-08-31,2.4336133554004498,0.543931485654338,5.298317366548036
1988-09-30,2.3978952727983707,0.5225954588537013,5.303304908059076
1988-10-31,2.4069451083182885,0.5225954588537013,5.308267697401205
1988-11-30,2.3978952727983707,0.5114495214362034,5.313205979041787
1988-12-31,2.424802725718295,0.5114495214362034,5.318119993844216
1989-01-31,2.468099531471619,0.5225954588537013,5.3230099791384085
1989-02-28,2.4765384001174837,0.4999620030965649,5.327876168789581
1989-03-31,2.4069451083182885,0.47588499532711054,5.332718793265369
1989-04-30,2.4069451083182885,0.4999620030965649,5.337538079701318
1989-05-31,2.4159137783010487,0.4999620030965649,5.342334251964811
1989-06-30,2.4595888418037104,0.5114495214362034,5.3471075307174685
1989-07-31,2.3978952727983707,0.4999620030965649,5.351858133476067
1989-08-31,2.4069451083182885,0.4999620030965649,5.356586274672012
1989-09-30,2.4595888418037104,0.5114495214362034,5.3612921657094255
1989-10-31,2.4595888418037104,0.5114495214362034,5.365976015021851
1989-11-30,2.4595888418037104,0.5225954588537013,5.3706380281276624
1989-12-31,2.451005098112319,0.5225954588537013,5.375278407684165
1990-01-31,2.4069451083182885,0.5225954588537013,5.37989735354046
1990-02-28,2.3978952727983707,0.5114495214362034,5.384495062789089
1990-03-31,2.388762789235098,0.4999620030965649,5.389071729816501
1990-04-30,2.3702437414678603,0.5225954588537013,5.393627546352362
1990-05-31,2.3608540011180215,0.5225954588537013,5.3981627015177525
1990-06-30,2.3513752571634776,0.4999620030965649,5.402677381872279
1990-07-31,2.4336133554004498,0.5334173533321656,5.407171771460119
1990-08-31,2.4595888418037104,0.5541529939182037,5.4116460518550396
1990-09-30,2.4932054526026954,0.5737735780102541,5.41610040220442
1990-10-31,2.4932054526026954,0.5737735780102541,5.420534999272286
1990-11-30,2.517696472610991,0.6013329932743064,5.424950017481403
1990-12-31,2.517696472610991,0.610064240817791,5.429345628954441
1991-01-31,2.4765384001174837,0.618584176630303,5.43372200355424
1991-02-28,2.501435951739211,0.6350251756323279,5.438079308923196
1991-03-31,2.5257286443082556,0.6507210940165463,5.442417710521793
1991-04-30,2.5416019934645457,0.6429624958569642,5.44673737166631
1991-05-31,2.5494451709255714,0.6583079885420274,5.4510384535657
1991-06-30,2.5257286443082556,0.6583079885420274,5.455321115357702
1991-07-31,2.4765384001174837,0.6507210940165463,5.459585514144159
1991-08-31,2.517696472610991,0.6583079885420274,5.4638318050256105
1991-09-30,2.509599262378372,0.6583079885420274,5.4680601411351315
1991-10-31,2.5877640352277083,0.6657298105782764,5.472270673671475
1991-11-30,2.5257286443082556,0.6657298105782764,5.476463551931511
1991-12-31,2.5572273113676265,0.6870659010831026,5.480638923341991
1992-01-31,2.6026896854443837,0.6870659010831026,5.484796933490655
1992-02-29,2.653241964607215,0.6938869069999295,5.488937726156687
1992-03-31,2.6461747973841225,0.6938869069999295,5.493061443340548
1992-04-30,2.6461747973841225,0.6938869069999295,5.497168225293202
1992-05-31,2.6878474937846906,0.7071231832999884,5.501258210544727
1992-06-30,2.681021528714291,0.7198493500500933,5.5053315359323625
1992-07-31,2.667228206581955,0.7135478294269664,5.5093883366279774
1992-08-31,2.653241964607215,0.7071231832999884,5.5134287461649825
1992-09-30,2.631888840136646,0.7071231832999884,5.517452896464707
1992-10-31,2.6602595372658615,0.6870659010831026,5.521460917862246
1992-11-30,2.6461747973841225,0.6938869069999295,5.5254529391317835
1992-12-31,2.6602595372658615,0.6938869069999295,5.529429087511423
1993-01-31,2.6461747973841225,0.6870659010831026,5.53338948872752
1993-02-28,2.6026896854443837,0.6729928312809478,5.537334267018537
1993-03-31,2.617395832834079,0.6657298105782764,5.541263545158426
1993-04-30,2.6390573296152584,0.6729928312809478,5.545177444479562
1993-05-31,2.5726122302071057,0.6729928312809478,5.54907608489522
1993-06-30,2.5952547069568657,0.6657298105782764,5.552959584921617
1993-07-31,2.5416019934645457,0.6583079885420274,5.556828061699537
1993-08-31,2.509599262378372,0.6507210940165463,5.560681631015528
1993-09-30,2.5257286443082556,0.6429624958569642,5.564520407322694
1993-10-31,2.468099531471619,0.6507210940165463,5.568344503761097
1993-11-30,2.533696813957432,0.6350251756323279,5.572154032177765
1993-12-31,2.4595888418037104,0.6269016977393765,5.575949103146316
1994-01-31,2.5726122302071057,0.6350251756323279,5.579729825986222
1994-02-28,2.5494451709255714,0.6350251756323279,5.583496308781699
1994-03-31,2.517696472610991,0.6269016977393765,5.58724865840025
1994-04-30,2.4765384001174837,0.618584176630303,5.5909869805108565
1994-05-31,2.4595888418037104,0.5923809677889341,5.594711379601839
1994-06-30,2.424802725718295,0.5923809677889341,5.598421958998375
1994-07-31,2.388762789235098,0.5923809677889341,5.602118820879701
1994-08-31,2.4159137783010487,0.5831980807826592,5.605802066295998
1994-09-30,2.3608540011180215,0.5737735780102541,5.60947179518496
1994-10-31,2.424802725718295,0.5640959754919254,5.6131281063880705
1994-11-30,2.379546134130174,0.543931485654338,5.616771097666572
1994-12-31,2.2925347571405443,0.5334173533321656,5.62040086571715
1995-01-31,2.33214389523559,0.543931485654338,5.6240175061873385
1995-02-28,2.312535423847214,0.5225954588537013,5.627621113690637
1995-03-31,2.272125885509337,0.5225954588537013,5.631211781821365
1995-04-30,2.3702437414678603,0.5640959754919254,5.634789603169249
1995-05-31,2.302585092994046,0.543931485654338,5.638354669333745
1995-06-30,2.3702437414678603,0.543931485654338,5.641907070938114
1995-07-31,2.388762789235098,0.5541529939182037,5.645446897643238
1995-08-31,2.4069451083182885,0.5541529939182037,5.648974238161206
1995-09-30,2.4069451083182885,0.543931485654338,5.652489180268651
1995-10-31,2.302585092994046,0.5334173533321656,5.655991810819852
1995-11-30,2.272125885509337,0.543931485654338,5.659482215759621
1995-12-31,2.322387720290225,0.543931485654338,5.662960480135946
1996-01-31,2.3608540011180215,0.543931485654338,5.666426688112432
1996-02-29,2.302585092994046,0.5334173533321656,5.66988092298052
1996-03-31,2.3608540011180215,0.5334173533321656,5.673323267171493
1996-04-30,2.3702437414678603,0.543931485654338,5.676753802268282
1996-05-31,2.322387720290225,0.543931485654338,5.680172609017068
1996-06-30,2.341805806147327,0.5114495214362034,5.683579767338681
1996-07-31,2.3608540011180215,0.5334173533321656,5.68697535633982
1996-08-31,2.3608540011180215,0.48811397969533005,5.69035945432406
1996-09-30,2.3608540011180215,0.4999620030965649,5.6937321388027
1996-10-31,2.3702437414678603,0.4999620030965649,5.697093486505405
1996-11-30,2.3608540011180215,0.5225954588537013,5.700443573390687
1996-12-31,2.3513752571634776,0.5225954588537013,5.703782474656201
1997-01-31,2.379546134130174,0.5114495214362034,5.707110264748875
1997-02-28,2.3702437414678603,0.4999620030965649,5.71042701737487
1997-03-31,2.3513752571634776,0.4999620030965649,5.713732805509369
1997-04-30,2.322387720290225,0.48811397969533005,5.717027701406222
1997-05-31,2.33214389523559,0.46325289744172116,5.720311776607412
1997-06-30,2.379546134130174,0.47588499532711054,5.723585101952381
1997-07-31,2.2512917986064953,0.46325289744172116,5.726847747587197
1997-08-31,2.2407096892759584,0.45019364959260366,5.730099782973574
1997-09-30,2.2512917986064953,0.46325289744172116,5.733341276897746
1997-10-31,2.2512917986064953,0.4366811181152756,5.736572297479192
1997-11-30,2.2512917986064953,0.4226868283120583,5.739792912179234
1997-12-31,2.302585092994046,0.4366811181152756,5.7430031878094825
1998-01-31,2.2407096892759584,0.4226868283120583,5.746203190540153
1998-02-28,2.2300144001592104,0.4226868283120583,5.749392985908253
1998-03-31,2.2192034840549946,0.4366811181152756,5.752572638825633
1998-04-30,2.2082744135228043,0.37748737091130763,5.755742213586912
1998-05-31,2.186051276738094,0.3931256497837364,5.75890177387728
1998-06-30,2.174751721484161,0.4081796848261184,5.762051382780177
1998-07-31,2.2512917986064953,0.4081796848261184,5.765191102784844
1998-08-31,2.174751721484161,0.4081796848261184,5.768320995793772
1998-09-30,2.2082744135228043,0.4226868283120583,5.771441123130016
1998-10-31,2.151762203259462,0.4081796848261184,5.7745515455444085
1998-11-30,2.151762203259462,0.3931256497837364,5.777652323222656
1998-12-31,2.0412203288596382,0.3931256497837364,5.780743515792329
1999-01-31,2.0541237336955462,0.37748737091130763,5.783825182329737
1999-02-28,2.1041341542702074,0.3931256497837364,5.786897381366708
1999-03-31,2.0794415416798357,0.36122375011753505,5.7899601708972535
1999-04-30,2.0541237336955462,0.37748737091130763,5.793013608384144
1999-05-31,2.0014800002101243,0.36122375011753505,5.796057750765372
1999-06-30,2.0412203288596382,0.37748737091130763,5.799092654460526
1999-07-31,2.163323025660538,0.37748737091130763,5.802118375377063
1999-08-31,2.0412203288596382,0.36122375011753505,5.805134968916488
1999-09-30,2.1400661634962708,0.36122375011753505,5.808142489980444
1999-10-31,2.128231705849268,0.3442894408721884,5.811140992976701
1999-11-30,2.0794415416798357,0.3442894408721884,5.814130531825066
1999-12-31,2.0541237336955462,0.32663425997828094,5.817111159963204
2000-01-31,2.1041341542702074,0.32663425997828094,5.820082930352362
2000-02-29,2.0918640616783932,0.3442894408721884,5.823045895483019
2000-03-31,2.0014800002101243,0.32663425997828094,5.82600010738045
2000-04-30,1.9459101490553132,0.28893209090233557,5.8289456176102075
2000-05-31,2.0412203288596382,0.32663425997828094,5.831882477283517
2000-06-30,2.0541237336955462,0.32663425997828094,5.834810737062605
2000-07-31,2.0412203288596382,0.32663425997828094,5.8377304471659395
2000-08-31,2.066862759472976,0.3442894408721884,5.840641657373398
2000-09-30,1.9878743481543455,0.3082024958468682,5.84354441703136
2000-10-31,1.9878743481543455,0.3082024958468682,5.846438775057725
2000-11-30,1.9878743481543455,0.3082024958468682,5.849324779946859
2000-12-31,2.0014800002101243,0.3082024958468682,5.8522024797744745
2001-01-31,2.1041341542702074,0.36122375011753505,5.855071922202427
2001-02-28,2.0412203288596382,0.36122375011753505,5.857933154483459
2001-03-31,2.1162555148025524,0.37748737091130763,5.860786223465865
2001-04-30,2.0794415416798357,0.3931256497837364,5.863631175598097
2001-05-31,2.066862759472976,0.37748737091130763,5.8664680569332965
2001-06-30,2.1162555148025524,0.4081796848261184,5.869296913133774
2001-07-31,2.0794415416798357,0.4226868283120583,5.872117789475416
2001-08-31,2.2082744135228043,0.46325289744172116,5.87493073085203
2001-09-30,2.186051276738094,0.47588499532711054,5.877735781779639
2001-10-31,2.2512917986064953,0.5114495214362034,5.8805329864007
2001-11-30,2.2823823856765264,0.5334173533321656,5.883322388488279
2001-12-31,2.312535423847214,0.5541529939182037,5.886104031450156
2002-01-31,2.302585092994046,0.5541529939182037,5.8888779583328805
2002-02-28,2.2925347571405443,0.5541529939182037,5.8916442118257715
2002-03-31,2.3513752571634776,0.5541529939182037,5.8944028342648505
2002-04-30,2.3702437414678603,0.5737735780102541,5.8971538676367405
2002-05-31,2.322387720290225,0.5640959754919254,5.8998973535824915
2002-06-30,2.3513752571634776,0.5640959754919254,5.902633333401366
2002-07-31,2.2823823856765264,0.5640959754919254,5.905361848054571
2002-08-31,2.2823823856765264,0.5541529939182037,5.908082938168931
2002-09-30,2.272125885509337,0.5541529939182037,5.910796644040527
2002-10-31,2.2823823856765264,0.5541529939182037,5.91350300563827
2002-11-30,2.3702437414678603,0.5737735780102541,5.916202062607435
2002-12-31,2.424802725718295,0.5831980807826592,5.918893854273146
2003-01-31,2.3513752571634776,0.5640959754919254,5.921578419643816
2003-02-28,2.3702437414678603,0.5737735780102541,5.924255797414532
2003-03-31,2.33214389523559,0.5737735780102541,5.926926025970411
2003-04-30,2.388762789235098,0.5831980807826592,5.929589143389895
2003-05-31,2.388762789235098,0.5923809677889341,5.932245187448011
2003-06-30,2.4423470353692043,0.610064240817791,5.934894195619588
2003-07-31,2.388762789235098,0.6013329932743064,5.937536205082426
2003-08-31,2.388762789235098,0.5923809677889341,5.940171252720432
2003-09-30,2.4069451083182885,0.5923809677889341,5.942799375126701
2003-10-31,2.4336133554004498,0.5831980807826592,5.945420608606575
2003-11-30,2.322387720290225,0.5640959754919254,5.948034989180646
2003-12-31,2.312535423847214,0.5541529939182037,5.950642552587727
2004-01-31,2.341805806147327,0.5541529939182037,5.953243334287785
2004-02-29,2.272125885509337,0.543931485654338,5.955837369464831
2004-03-31,2.33214389523559,0.5640959754919254,5.958424693029782
2004-04-30,2.2823823856765264,0.543931485654338,5.961005339623274
2004-05-31,2.312535423847214,0.543931485654338,5.963579343618446
2004-06-30,2.322387720290225,0.543931485654338,5.966146739123692
2004-07-31,2.3978952727983707,0.5334173533321656,5.968707559985366
2004-08-31,2.3513752571634776,0.5225954588537013,5.971261839790462
2004-09-30,2.33214389523559,0.5225954588537013,5.973809611869261
2004-10-31,2.379546134130174,0.5334173533321656,5.976350909297934
2004-11-30,2.3702437414678603,0.5225954588537013,5.978885764901122
2004-12-31,2.3702437414678603,0.5225954588537013,5.981414211254481
2005-01-31,2.3608540011180215,0.5114495214362034,5.983936280687191
2005-02-28,2.388762789235098,0.5225954588537013,5.986452005284438
2005-03-31,2.3513752571634776,0.4999620030965649,5.988961416889864
2005-04-30,2.33214389523559,0.4999620030965649,5.991464547107982
2005-05-31,2.312535423847214,0.48811397969533005,5.993961427306569
2005-06-30,2.322387720290225,0.47588499532711054,5.996452088619021
2005-07-31,2.2192034840549946,0.47588499532711054,5.998936561946683
2005-08-31,2.272125885509337,0.46325289744172116,6.0014148779611505
2005-09-30,2.2407096892759584,0.47588499532711054,6.003887067106539
2005-10-31,2.2082744135228043,0.47588499532711054,6.0063531596017325
2005-11-30,2.3608540011180215,0.47588499532711054,6.008813185442595
2005-12-31,2.2192034840549946,0.46325289744172116,6.0112671744041615
2006-01-31,2.186051276738094,0.4366811181152756,6.013715156042802
2006-02-28,2.2512917986064953,0.45019364959260366,6.016157159698354
2006-03-31,2.2512917986064953,0.4366811181152756,6.018593214496234
2006-04-30,2.2407096892759584,0.4366811181152756,6.021023349349527
2006-05-31,2.163323025660538,0.4226868283120583,6.023447592961033
2006-06-30,2.186051276738094,0.4226868283120583,6.025865973825314
2006-07-31,2.2512917986064953,0.4366811181152756,6.028278520230698
2006-08-31,2.174751721484161,0.4366811181152756,6.030685260261263
2006-09-30,2.1972245773362196,0.4081796848261184,6.0330862217988015
2006-10-31,2.128231705849268,0.3931256497837364,6.035481432524756
2006-11-30,2.1400661634962708,0.4081796848261184,6.037870919922137
2006-12-31,2.1162555148025524,0.3931256497837364,6.040254711277414
2007-01-31,2.066862759472976,0.4226868283120583,6.042632833682381
2007-02-28,2.0794415416798357,0.4081796848261184,6.045005314036012
2007-03-31,2.128231705849268,0.3931256497837364,6.0473721790462776
2007-04-30,2.1162555148025524,0.4081796848261184,6.049733455231958
2007-05-31,2.1162555148025524,0.3931256497837364,6.052089168924417
2007-06-30,2.1400661634962708,0.4226868283120583,6.054439346269371
2007-07-31,2.0918640616783932,0.4366811181152756,6.056784013228625
2007-08-31,2.028148247292285,0.4226868283120583,6.059123195581797
2007-09-30,2.0794415416798357,0.4366811181152756,6.061456918928017
2007-10-31,2.1400661634962708,0.4366811181152756,6.063785208687608
2007-11-30,2.1400661634962708,0.4366811181152756,6.066108090103747
2007-12-31,2.1972245773362196,0.47588499532711054,6.068425588244111
2008-01-31,2.2082744135228043,0.47588499532711054,6.07073772800249
2008-02-29,2.128231705849268,0.46325289744172116,6.073044534100405
2008-03-31,2.2192034840549946,0.48811397969533005,6.075346031088684
2008-04-30,2.151762203259462,0.47588499532711054,6.077642243349034
2008-05-31,2.2617630984737906,0.5225954588537013,6.07993319509559
2008-06-30,2.2407096892759584,0.543931485654338,6.082218910376446
2008-07-31,2.302585092994046,0.5640959754919254,6.0844994130751715
2008-08-31,2.3608540011180215,0.5923809677889341,6.0867747269123065
2008-09-30,2.424802725718295,0.5923809677889341,6.089044875446846
2008-10-31,2.4336133554004498,0.6269016977393765,6.091309882077698
2008-11-30,2.4423470353692043,0.6507210940165463,6.093569770045136
2008-12-31,2.4932054526026954,0.6870659010831026,6.095824562432225
2009-01-31,2.5416019934645457,0.7198493500500933,6.09807428216624
2009-02-28,2.617395832834079,0.7496482603933199,6.100318952020064
2009-03-31,2.617395832834079,0.7716454773187585,6.102558594613569
2009-04-30,2.70805020110221,0.7871950081766445,6.104793232414985
2009-05-31,2.70805020110221,0.8067926412579502,6.1070228877422545
2009-06-30,2.6946271807700692,0.8115041841791963,6.1092475827643655
2009-07-31,2.6946271807700692,0.8115041841791963,6.111467339502679
2009-08-31,2.6946271807700692,0.8161446412073935,6.113682179832232
2009-09-30,2.72785282839839,0.8252198034305414,6.115892125483034
2009-10-31,2.760009940032921,0.834032445247956,6.118097198041348
2009-11-30,2.7536607123542622,0.8296580862726122,6.12029741895095
2009-12-31,2.7788192719904172,0.8296580862726122,6.1224928095143865
2010-01-31,2.803360380906535,0.8252198034305414,6.124683390894205
2010-02-28,2.7788192719904172,0.8252198034305414,6.126869184114185
2010-03-31,2.8213788864092133,0.8296580862726122,6.129050210060545
2010-04-30,2.8094026953624978,0.8296580862726122,6.131226489483141
2010-05-31,2.740840023925201,0.8161446412073935,6.133398042996649
2010-06-30,2.7212954278522306,0.8067926412579502,6.135564891081739
2010-07-31,2.747270914255491,0.8067926412579502,6.137727054086234
2010-08-31,2.766319109226186,0.8115041841791963,6.139884552226255
2010-09-30,2.772588722239781,0.8115041841791963,6.142037405587356
2010-10-31,2.747270914255491,0.8067926412579502,6.144185634125646
2010-11-30,2.785011242238338,0.8252198034305414,6.1463292576688975
2010-12-31,2.740840023925201,0.8020080429216759,6.148468295917647
2011-01-31,2.760009940032921,0.7922114021793221,6.150602768446279
2011-02-28,2.740840023925201,0.7871950081766445,6.152732694704104
2011-03-31,2.760009940032921,0.7871950081766445,6.154858094016418
2011-04-30,2.803360380906535,0.7922114021793221,6.156978985585555
2011-05-31,2.791165107812717,0.7871950081766445,6.159095388491933
2011-06-30,2.785011242238338,0.7922114021793221,6.161207321695077
2011-07-31,2.766319109226186,0.7871950081766445,6.163314804034641
2011-08-31,2.797281334830153,0.7871950081766445,6.16541785423142
2011-09-30,2.766319109226186,0.7871950081766445,6.1675164908883415
2011-10-31,2.681021528714291,0.7769145069831563,6.169610732491456
2011-11-30,2.747270914255491,0.7662871358498089,6.171700597410915
2011-12-31,2.7343675094195836,0.7608367460774452,6.173786103901937
2012-01-31,2.6100697927420065,0.7496482603933199,6.175867270105761
2012-02-29,2.6390573296152584,0.7496482603933199,6.1779441140506
2012-03-31,2.6390573296152584,0.7439040543780528,6.180016653652572
2012-04-30,2.5877640352277083,0.7439040543780528,6.182084906716632
2012-05-31,2.6026896854443837,0.7439040543780528,6.184148890937483
2012-06-30,2.6741486494265287,0.7439040543780528,6.186208623900494
2012-07-31,2.653241964607215,0.7439040543780528,6.18826412308259
2012-08-31,2.624668592163159,0.7380555640141299,6.1903154058531475
2012-09-30,2.6100697927420065,0.7198493500500933,6.192362489474872
2012-10-31,2.6461747973841225,0.7198493500500933,6.194405391104672
2012-11-30,2.5877640352277083,0.7135478294269664,6.19644412779452
2012-12-31,2.6390573296152584,0.7260318824977268,6.198478716492308
2013-01-31,2.617395832834079,0.7320993680864453,6.20050917404269
2013-02-28,2.624668592163159,0.7135478294269664,6.202535517187923
2013-03-31,2.5649493574615367,0.7005710654772761,6.20455776256869
2013-04-30,2.5877640352277083,0.7071231832999884,6.206575926724928
2013-05-31,2.5952547069568657,0.7005710654772761,6.208590026096629
2013-06-30,2.653241964607215,0.7005710654772761,6.210600077024653
2013-07-31,2.533696813957432,0.6870659010831026,6.212606095751519
2013-08-31,2.5494451709255714,0.6801029867859266,6.214608098422191
2013-09-30,2.5649493574615367,0.6801029867859266,6.2166061010848646
2013-10-31,2.5494451709255714,0.6801029867859266,6.218600119691729
2013-11-30,2.509599262378372,0.6583079885420274,6.220590170099739
2013-12-31,2.4765384001174837,0.6429624958569642,6.222576268071369
2014-01-31,2.4932054526026954,0.6350251756323279,6.22455842927536
2014-02-28,2.468099531471619,0.6429624958569642,6.226536669287466
2014-03-31,2.4932054526026954,0.6429624958569642,6.2285110035911835
2014-04-30,2.451005098112319,0.6013329932743064,6.230481447578482
2014-05-31,2.4336133554004498,0.610064240817791,6.2324480165505225
2014-06-30,2.3978952727983707,0.5923809677889341,6.234410725718371
2014-07-31,2.451005098112319,0.6013329932743064,6.236369590203704
2014-08-31,2.4336133554004498,0.5923809677889341,6.238324625039508
2014-09-30,2.3978952727983707,0.5737735780102541,6.240275845170769
2014-10-31,2.3608540011180215,0.5541529939182037,6.2422232654551655
2014-11-30,2.388762789235098,0.5640959754919254,6.244166900663736
2014-12-31,2.3608540011180215,0.543931485654338,6.246106765481563
2015-01-31,2.33214389523559,0.5541529939182037,6.248042874508429
2015-02-28,2.312535423847214,0.5334173533321656,6.249975242259483
2015-03-31,2.2925347571405443,0.5225954588537013,6.251903883165888
2015-04-30,2.272125885509337,0.5225954588537013,6.253828811575473
2015-05-31,2.33214389523559,0.543931485654338,6.255750041753367
2015-06-30,2.272125885509337,0.5114495214362034,6.257667587882639
2015-07-31,2.2082744135228043,0.4999620030965649,6.259581464064923
2015-08-31,2.2407096892759584,0.48811397969533005,6.261491684321042
2015-09-30,2.2300144001592104,0.47588499532711054,6.263398262591624
2015-10-31,2.1972245773362196,0.47588499532711054,6.26530121273771
2015-11-30,2.2407096892759584,0.48811397969533005,6.267200548541362
2015-12-31,2.1400661634962708,0.47588499532711054,6.269096283706261
2016-01-31,2.163323025660538,0.46325289744172116,6.270988431858299
2016-02-29,2.1400661634962708,0.46325289744172116,6.272877006546167
2016-03-31,2.186051276738094,0.47588499532711054,6.274762021241939
2016-04-30,2.174751721484161,0.47588499532711054,6.2766434893416445
2016-05-31,2.1041341542702074,0.45019364959260366,6.278521424165844
2016-06-30,2.174751721484161,0.46325289744172116,6.280395838960195
2016-07-31,2.128231705849268,0.45019364959260366,6.282266746896006
2016-08-31,2.0794415416798357,0.46325289744172116,6.284134161070802
2016-09-30,2.1400661634962708,0.47588499532711054,6.285998094508865
2016-10-31,2.128231705849268,0.46325289744172116,6.2878585601617845
2016-11-30,2.0918640616783932,0.4366811181152756,6.289715570908998
2016-12-31,2.066862759472976,0.4366811181152756,6.29156913955832
2017-01-31,2.0149030205422647,0.4366811181152756,6.293419278846481
2017-02-28,2.066862759472976,0.4226868283120583,6.295266001439646
2017-03-31,2.066862759472976,0.3931256497837364,6.297109319933935
2017-04-30,2.066862759472976,0.3931256497837364,6.298949246855942
2017-05-31,2.0412203288596382,0.3931256497837364,6.300785794663244
2017-06-30,1.9600947840472698,0.37748737091130763,6.302618975744905
2017-07-31,2.0014800002101243,0.37748737091130763,6.304448802421981
2017-08-31,2.0412203288596382,0.3931256497837364,6.306275286948016
2017-09-30,1.9740810260220096,0.36122375011753505,6.3080984415095305
2017-10-31,2.0014800002101243,0.3442894408721884,6.309918278226516
2017-11-30,2.0014800002101243,0.36122375011753505,6.311734809152915
2017-12-31,1.9021075263969205,0.3442894408721884,6.313548046277095
2018-01-31,2.0149030205422647,0.3442894408721884,6.315358001522335
2018-02-28,1.9021075263969205,0.3442894408721884,6.317164686747284
2018-03-31,1.916922612182061,0.32663425997828094,6.318968113746434
2018-04-30,1.8562979903656263,0.32663425997828094,6.320768294250582
2018-05-31,1.7749523509116738,0.28893209090233557,6.322565239927284
2018-06-30,1.8718021769015913,0.32663425997828094,6.324358962381311
2018-07-31,1.8870696490323797,0.28893209090233557,6.326149473155099
2018-08-31,1.840549633397487,0.28893209090233557,6.327936783729195
2018-09-30,1.824549292051046,0.2687536699421179,6.329720905522696
2018-10-31,1.840549633397487,0.28893209090233557,6.331501849893691
2018-11-30,1.8082887711792655,0.2687536699421179,6.333279628139691
2018-12-31,1.8870696490323797,0.3082024958468682,6.335054251498059
2019-01-31,1.916922612182061,0.32663425997828094,6.336825731146441
2019-02-28,1.9315214116032138,0.28893209090233557,6.338594078203183
2019-03-31,1.8870696490323797,0.28893209090233557,6.340359303727752
2019-04-30,1.8870696490323797,0.24758937869430037,6.342121418721152
2019-05-31,1.824549292051046,0.24758937869430037,6.343880434126331
2019-06-30,1.791759469228055,0.2687536699421179,6.345636360828596
2019-07-31,1.7749523509116738,0.2687536699421179,6.3473892096560105
2019-08-31,1.6863989535702288,0.2687536699421179,6.349138991379798
2019-09-30,1.7047480922384253,0.22535148682596154,6.35088571671474
2019-10-31,1.7047480922384253,0.24758937869430037,6.352629396319567
2019-11-30,1.7227665977411035,0.22535148682596154,6.354370040797351
2019-12-31,1.7749523509116738,0.22535148682596154,6.3561076606958915
2020-01-31,1.791759469228055,0.24758937869430037,6.3578422665081
2020-02-29,1.7578579175523736,0.22535148682596154,6.359573868672378
2020-03-31,1.9021075263969205,0.3931256497837364,6.361302477572996
2020-04-30,2.8154087194227095,0.9887406851081632,6.363028103540465
2020-05-31,2.8213788864092133,0.950794195985576,6.364750756851911
2020-06-30,2.7343675094195836,0.8783583535214899,6.366470447731438
2020-07-31,2.681021528714291,0.8425958462057893,6.368187186350492
2020-08-31,2.5649493574615367,0.7552914498795933,6.369900982828227
2020-09-30,2.4932054526026954,0.7260318824977268,6.371611847231857
2020-10-31,2.379546134130174,0.6583079885420274,6.373319789577012
2020-11-30,2.33214389523559,0.6429624958569642,6.375024819828097
